fid,book,poi,description,note,pages
"1","3","71",,,
"2","3","104",,,
"3","3","179",,,
"4","3","180",,,
"5","3","181",,,
"6","3","232",,,
"7","3","233",,,
"8","3","234",,,
"9","3","235",,,
"10","3","236",,,
"11","3","256",,,
"12","3","260",,,
"13","2","1519",,,"468"
"14","2","1520",,,"468"
"15","2","1521",,,"468"
"16","2","1568",,,"484"
"17","1","22",,,
"18","1","23",,,
"19","3","66",,,
"20","3","96",,,
"21","3","103",,,
"22","3","117",,,
"23","3","120",,,
"24","3","129",,,
"25","3","130",,,
"26","3","220",,,
"27","3","221",,,
"28","3","222",,,
"29","3","223",,,
"30","3","240",,,
"31","3","247",,,
"32","3","74",,,
"33","3","80",,,
"34","3","82",,,
"35","3","87",,,
"36","3","89",,,
"37","3","242",,,
"38","3","258",,,
"39","1","24",,,
"40","3","112",,,
"41","3","113",,,
"42","3","115",,,
"43","3","116",,,
"44","3","126",,,
"45","3","140",,,
"46","3","248",,,
"47","3","109",,,
"48","3","131",,,
"49","2","149",,,"434"
"50","3","149",,,
"51","8","149",,,"955"
"52","2","208",,,"450"
"53","3","209",,,
"54","3","210",,,
"55","3","211",,,
"56","3","212",,,
"57","3","73",,,
"58","3","85",,,
"59","2","1462",,,"450"
"60","1","21",,,
"61","1","1752",,,
"62","5","825",,,
"63","2","1460",,,"450"
"64","8","1460",,,"957"
"65","3","110",,,
"66","1","7",,,
"67","1","8",,,
"68","1","9",,,
"69","1","10",,,"43"
"70","1","11",,,"41"
"71","1","12",,,
"72","1","1753",,,
"73","1","48",,,"40"
"74","1","49",,,
"75","1","50",,,
"76","1","51",,,
"77","1","52",,,
"78","1","53",,,
"79","1","54",,,
"80","1","55",,,
"81","1","56",,,
"82","1","57",,,
"83","1","65",,,"55"
"84","1","58",,,
"85","1","59",,,
"86","1","60",,,
"87","1","61",,,
"88","1","62",,,
"89","1","63",,,"51"
"90","1","64",,,"53"
"91","3","137",,,
"92","2","145",,,"432"
"93","3","145",,,
"94","8","145",,,"955"
"95","1","46",,,
"96","1","47",,,
"97","3","92",,,
"98","3","93",,,
"99","3","139",,,
"100","3","230",,,
"101","3","241",,,
"102","3","243",,,
"103","3","253",,,
"104","3","259",,,
"105","1","44",,,
"106","1","45",,,"45"
"107","3","95",,,
"108","3","98",,,
"109","3","213",,,
"110","3","214",,,
"111","3","215",,,
"112","3","216",,,
"113","3","217",,,
"114","3","218",,,
"115","3","219",,,
"116","3","251",,,
"117","2","1451",,,"448"
"118","8","1451",,,"957"
"119","2","1480",,,"456"
"120","2","1488",,,"460"
"121","8","1488",,,"958"
"122","2","1491",,,"462"
"123","2","1508",,,"466"
"124","8","1508",,,"957"
"125","3","88",,,
"126","3","101",,,
"127","3","252",,,
"128","1","20",,,
"129","3","141",,,
"130","3","142",,,
"131","3","143",,,
"132","3","144",,,
"133","1","5",,,"26"
"134","1","6",,,
"135","3","176",,,
"136","3","77",,,
"137","3","81",,,
"138","3","83",,,
"139","3","84",,,
"140","3","102",,,
"141","3","123",,,
"142","3","124",,,
"143","3","138",,,
"144","3","203",,,
"145","3","204",,,
"146","3","205",,,
"147","3","206",,,
"148","3","207",,,
"149","3","261",,,
"150","2","154",,,"438"
"151","3","154",,,
"152","2","165",,,"452"
"153","3","165",,,
"154","8","165",,,"957"
"155","2","174",,,"460"
"156","3","174",,,
"157","8","174",,,"958"
"158","1","237",,,
"159","2","237",,,"489"
"160","3","237",,,
"161","1","2",,,"29"
"162","1","3",,,
"163","1","4",,,"24"
"164","3","99",,,
"165","3","125",,,
"166","3","134",,,
"167","3","254",,,
"168","3","136",,,
"169","1","1584",,,
"170","1","1585",,,
"171","1","1586",,,
"172","3","79",,,
"173","3","105",,,
"174","3","108",,,
"175","3","118",,,
"176","3","128",,,
"177","3","132",,,
"178","3","133",,,
"179","1","13",,,
"180","1","14",,,
"181","2","1573",,,"486"
"182","3","67",,,
"183","3","70",,,
"184","3","97",,,
"185","3","135",,,
"186","3","244",,,
"187","3","250",,,
"188","1","17",,,"47"
"189","1","18",,,
"190","1","19",,,"58"
"191","3","111",,,
"192","3","114",,,
"193","3","119",,,
"194","3","224",,,
"195","3","225",,,
"196","3","226",,,
"197","3","227",,,
"198","3","255",,,
"199","3","90",,,
"200","3","91",,,
"201","3","106",,,
"202","3","257",,,
"203","1","15",,,
"204","3","228",,,
"205","3","229",,,
"206","1","16",,,
"207","3","72",,,
"208","3","75",,,
"209","3","76",,,
"210","3","78",,,
"211","3","86",,,
"212","3","100",,,
"213","3","182",,,
"214","3","183",,,
"215","3","184",,,
"216","3","185",,,
"217","3","186",,,
"218","3","187",,,
"219","3","188",,,
"220","3","189",,,
"221","3","190",,,
"222","3","191",,,
"223","3","192",,,
"224","3","193",,,
"225","3","194",,,
"226","3","195",,,
"227","3","196",,,
"228","3","197",,,
"229","3","198",,,
"230","3","199",,,
"231","3","200",,,
"232","3","201",,,
"233","3","202",,,
"234","3","245",,,
"235","3","246",,,
"236","3","69",,,
"237","8","1579",,,
"238","2","158",,,"444"
"239","3","158",,,
"240","8","158",,,"956"
"241","1","42",,,
"242","1","43",,,
"243","1","33",,,
"244","1","34",,,
"245","1","35",,,"49"
"246","1","36",,,
"247","1","37",,,
"248","1","38",,,
"249","1","39",,,
"250","1","40",,,
"251","1","41",,,
"252","2","238",,,"489"
"253","3","238",,,
"254","3","94",,,
"255","3","107",,,
"256","3","121",,,
"257","3","122",,,
"258","3","127",,,
"259","3","249",,,
"260","3","231",,,
"261","2","1422",,,"436"
"262","2","1566",,,"484"
"263","2","1572",,,"486"
"264","2","1525",,,"468"
"265","2","1458",,,"450"
"266","8","1458",,,"957"
"267","2","1473",,,"454"
"268","8","1473",,,"957"
"269","2","1475",,,"454"
"270","8","1475",,,"957"
"271","2","1486",,,"458"
"272","8","1581",,,
"273","2","1517",,,"468"
"274","2","1512",,,"466"
"275","2","1513",,,"466"
"276","2","1518",,,"468"
"277","8","1582",,,
"278","1","25",,,"37"
"279","1","26",,,"35"
"280","1","27",,,
"281","1","28",,,"32"
"282","1","29",,,
"283","1","30",,,
"284","1","31",,,
"285","1","32",,,
"286","2","1570",,,"486"
"287","2","1409",,,"434"
"288","8","1409",,,"955"
"289","2","1463",,,"450"
"290","2","1465",,,"452"
"291","2","1467",,,"452"
"292","2","1499",,,
"293","8","1499",,,"956"
"294","2","1501",,,
"295","2","1514",,,
"296","2","1516",,,
"297","2","1415",,,"434"
"298","2","1498",,,
"299","2","1435",,,"442"
"300","2","1454",,,"448"
"301","8","1454",,,"957"
"302","2","1496",,,"462"
"303","2","1440",,,"444"
"304","2","1489",,,"460"
"305","2","1515",,,"466"
"306","2","1571",,,"486"
"307","3","68",,,
"308","3","146",,,
"309","2","147",,,"432"
"310","3","147",,,
"311","8","147",,,"955"
"312","2","148",,,"434"
"313","3","148",,,
"314","8","148",,,"955"
"315","3","150",,,
"316","2","151",,,"436"
"317","3","151",,,
"318","8","151",,,"955"
"319","3","152",,,
"320","8","152",,,"955"
"321","2","153",,,"438"
"322","3","153",,,
"323","8","153",,,"955"
"324","2","680",,,"440"
"325","3","680",,,
"326","2","156",,,"440"
"327","3","156",,,
"328","8","156",,,"956"
"329","2","157",,,"442"
"330","3","157",,,
"331","2","159",,,"444"
"332","3","159",,,
"333","3","160",,,
"334","2","161",,,"446"
"335","3","161",,,
"336","8","161",,,"956"
"337","3","162",,,
"338","8","162",,,"957"
"339","2","163",,,"448"
"340","3","163",,,
"341","3","164",,,
"342","2","166",,,"452"
"343","3","166",,,
"344","8","166",,,"957"
"345","2","167",,,"456"
"346","3","167",,,
"347","2","168",,,"458"
"348","3","168",,,
"349","2","169",,,"458"
"350","3","169",,,
"351","3","170",,,
"352","2","171",,,"460"
"353","3","171",,,
"354","2","172",,,"460"
"355","3","172",,,
"356","2","173",,,"460"
"357","3","173",,,
"358","2","175",,,"462"
"359","3","175",,,
"360","8","175",,,"958"
"361","3","177",,,
"362","3","178",,,
"363","2","483",,,"452"
"364","4","483",,,
"365","2","484",,,"462"
"366","4","484",,,
"367","2","487",,,"466"
"368","4","487",,,
"369","4","680",,,"123"
"370","2","1011",,,"438"
"371","5","1011",,,
"372","8","1011",,,"955"
"373","2","1128",,,"434"
"374","6","1128",,,
"375","8","1128",,,"955"
"376","2","1444",,,"446"
"377","2","239",,,"489"
"378","3","239",,,
"379","2","1405",,,"432"
"380","2","1522",,,"468"
"381","2","1441",,,"444"
"382","8","1441",,,"956"
"383","2","1524",,,"468"
"384","2","1523",,,"468"
"385","2","1479",,,"456"
"386","8","1479",,,"957"
"387","6","1112",,,"19"
"388","2","332",,,"444"
"389","3","332",,,
"390","2","333",,,"444"
"391","3","333",,,
"392","2","334",,,"450"
"393","3","334",,,
"394","3","335",,,
"395","3","307",,,"23"
"396","3","381",,,
"397","6","1064",,,"8"
"398","6","1065",,,"8"
"399","6","307",,,"23"
"400","3","319",,,"137"
"401","6","319",,,"13"
"402","3","274",,,
"403","3","1112",,,"128"
"404","3","308",,,"131"
"405","6","308",,,"23"
"406","3","283",,,"127"
"407","3","284",,,"127"
"408","3","288",,,"126"
"409","3","291",,,"127"
"410","3","314",,,"136"
"412","3","321",,,"138"
"413","3","322",,,"138"
"414","3","325",,,"139"
"415","6","283",,,"20"
"416","6","291",,,"20"
"417","6","277",,,"20"
"418","6","288",,,"20"
"419","3","262",,,"115"
"420","6","262",,,"9"
"421","3","297",,,
"422","3","329",,,
"423","3","312",,,
"424","3","296",,,
"425","3","327",,,
"426","3","306",,,
"427","3","315",,,
"428","3","265",,,
"429","3","268",,,
"430","3","269",,,
"431","3","270",,,
"432","3","272",,,
"433","3","275",,,
"434","3","278",,,
"435","3","279",,,
"436","3","281",,,
"437","3","282",,,
"438","3","285",,,
"439","3","287",,,
"440","3","289",,,
"441","3","292",,,
"442","3","293",,,
"443","3","294",,,
"444","3","295",,,
"445","3","298",,,
"446","3","299",,,
"447","3","300",,,
"448","3","301",,,
"449","3","302",,,
"450","3","303",,,
"451","3","304",,,
"452","3","309",,,
"453","3","310",,,
"454","2","336",,,"456"
"455","3","336",,,
"456","8","336",,,"958"
"457","3","340",,,
"458","3","341",,,
"459","3","342",,,
"460","3","343",,,
"461","3","344",,,
"462","3","345",,,
"463","3","346",,,
"464","3","347",,,
"465","3","348",,,
"466","3","349",,,
"467","3","350",,,
"468","3","351",,,
"469","3","352",,,
"470","3","353",,,
"471","3","354",,,
"472","3","355",,,
"473","3","356",,,
"474","3","357",,,
"475","3","358",,,
"476","3","359",,,
"477","3","360",,,
"478","3","361",,,
"479","3","362",,,
"480","3","363",,,
"481","3","364",,,
"482","3","380",,,
"483","2","1504",,,"464"
"484","2","1569",,,"484"
"485","1","1589",,,"64"
"486","1","1590",,,"66"
"487","1","1594",,,"71"
"488","1","1591",,,"67"
"489","1","1592",,,
"490","1","1593",,,"69"
"491","1","1588",,,"61"
"492","3","376",,,
"493","3","377",,,
"494","3","317",,,
"495","3","324",,,
"496","6","314",,,"14"
"497","6","321",,,"14"
"498","6","322",,,"14"
"499","6","325",,,"15"
"500","3","313",,,
"501","2","374",,,"490"
"502","3","374",,,
"503","1","1587",,,"59"
"504","3","323",,,
"505","3","365",,,
"506","3","366",,,
"507","3","367",,,
"508","3","368",,,
"509","3","369",,,
"510","3","263",,,
"511","3","382",,,
"512","3","326",,,"139"
"513","6","326",,,"15"
"514","3","271",,,
"515","2","280",,,"490"
"516","3","280",,,
"517","8","280",,,"771"
"518","2","1137",,,"458"
"519","6","1137",,,
"520","8","1137",,,"958"
"521","3","267",,,
"522","3","273",,,
"523","3","277",,,"128"
"524","3","286",,,
"525","2","330",,,"436"
"526","3","331",,,
"527","3","337",,,
"528","3","338",,,
"529","3","339",,,
"530","3","276",,,
"531","3","311",,,
"532","3","375",,,
"533","3","266",,,
"534","3","305",,,
"535","3","328",,,
"536","3","264",,,
"537","2","372",,,"490"
"538","3","372",,,
"539","8","372",,,"772"
"540","3","379",,,
"541","3","383",,,
"542","3","318",,,
"543","3","320",,,
"544","3","370",,,
"545","3","371",,,
"546","3","378",,,
"547","6","1107",,,"18"
"548","6","1059",,,"7"
"549","6","1054",,,"6"
"550","6","1055",,,"6"
"551","6","1056",,,"6"
"552","6","1057",,,"7"
"553","6","1058",,,"7"
"554","6","1080",,,"12"
"555","6","1077",,,"12"
"556","6","1102",,,"17"
"557","6","1138",,,"26"
"558","6","1075",,,"11"
"559","6","1103",,,"17"
"560","6","1044",,,"4"
"561","6","1043",,,"4"
"562","6","1122",,,"22"
"563","2","1153",,,"491"
"564","6","1153",,,"28"
"565","2","1154",,,"491"
"566","6","1154",,,"29"
"567","6","1076",,,"12"
"568","1","1085",,,"74"
"569","6","1101",,,"17"
"570","6","1121",,,"22"
"571","2","1152",,,"491"
"572","6","1152",,,"28"
"573","8","1152",,,"777"
"574","6","1074",,,"11"
"575","6","1073",,,"11"
"576","6","1042",,,"4"
"577","6","1041",,,"3"
"579","6","1083",,,"13"
"580","6","1601",,,"13"
"581","2","1495",,,
"582","2","1526",,,
"583","2","1527",,,
"584","2","1528",,,
"585","6","1134",,,
"586","8","1134",,,"956"
"587","2","1135",,,"460"
"588","6","1135",,,
"589","6","1136",,,
"590","8","1136",,,"958"
"591","6","1063",,,"8"
"592","6","1062",,,"8"
"593","2","1446",,,
"594","2","1529",,,
"595","6","1061",,,"8"
"596","1","1082",,,
"597","1","1599",,,
"598","1","1600",,,
"599","6","1139",,,"26"
"600","6","1140",,,"26"
"601","6","1141",,,"26"
"602","6","1142",,,"26"
"603","6","1143",,,"26"
"604","6","1144",,,"27"
"605","6","1145",,,"27"
"606","6","1146",,,"27"
"607","6","1109",,,"18"
"608","6","1111",,,"19"
"609","6","1108",,,"18"
"610","6","1110",,,"18"
"611","6","1060",,,"7"
"612","6","1124",,,"23"
"613","2","1156",,,"491"
"614","6","1156",,,"29"
"615","2","1155",,,"491"
"616","6","1155",,,"13,29"
"617","6","1046",,,"4"
"618","6","1047",,,"5"
"619","6","1048",,,"5"
"620","6","1104",,,"17"
"621","6","1106",,,"18"
"622","6","1105",,,"17"
"623","6","1123",,,"22"
"624","6","1045",,,"4"
"625","6","1049",,,"5"
"626","6","1050",,,"5"
"627","6","1051",,,"5"
"628","6","1052",,,"6"
"629","6","1053",,,"6"
"630","6","1078",,,"12"
"631","6","1079",,,"12"
"632","2","1366",,,"493"
"633","7","1366",,,"64"
"634","2","1567",,,"484"
"635","6","1567",,,"27"
"636","7","1178",,,"7"
"637","7","1219",,,"24"
"638","6","1087",,,"14"
"639","6","1069",,,"9"
"640","6","1088",,,"14"
"641","6","1114",,,"19"
"642","2","1533",,,
"643","2","1468",,,
"644","6","1066",,,"9"
"645","6","1067",,,"9"
"646","6","1113",,,"19"
"647","6","1068",,,"9"
"648","6","1126",,,"23"
"649","6","1086",,,
"650","6","1148",,,"27"
"651","6","1595",,,"13"
"652","2","1157",,,"491"
"653","6","1157",,,"29"
"654","8","1157",,,"772"
"655","2","1427",,,
"656","2","1453",,,
"657","8","1453",,,"957"
"658","2","1484",,,
"659","2","1530",,,
"660","2","1531",,,
"661","2","1421",,,
"662","8","1421",,,"955"
"663","2","1129",,,"438"
"664","6","1129",,,
"665","8","1129",,,"955"
"666","6","1130",,,
"667","2","1131",,,"450"
"668","6","1131",,,
"669","8","1131",,,"956"
"670","2","1132",,,"452"
"671","6","1132",,,
"672","8","1132",,,"956"
"673","2","1133",,,"458"
"674","6","1133",,,
"675","2","1500",,,
"676","2","1532",,,
"677","1","1606",,,"85"
"678","6","1095",,,"15"
"679","6","1071",,,"9"
"680","6","1072",,,"10"
"681","6","1099",,,"16"
"682","6","1150",,,"27"
"683","6","1149",,,"27"
"684","6","1151",,,"27"
"685","6","1094",,,"15"
"686","6","1097",,,"16"
"687","6","1119",,,"20"
"688","6","1120",,,"21"
"689","6","1098",,,"16"
"690","1","1607",,,"89"
"691","6","1100",,,"16"
"692","6","1096",,,"15"
"693","2","1158",,,"491"
"694","6","1158",,,"30"
"695","8","1158",,,"772"
"696","2","1159",,,"491"
"697","6","1159",,,"30"
"698","1","1411",,,"78"
"699","1","1596",,,
"700","1","1597",,,
"701","1","1598",,,
"702","1","1603",,,"83"
"703","1","1604",,,"79"
"704","1","1605",,,
"706","2","1536",,,"472"
"707","2","1537",,,"472"
"708","2","1538",,,"472"
"709","2","1539",,,"472"
"710","2","1540",,,"472"
"711","2","1433",,,"442"
"716","2","1535",,,"470"
"717","2","1437",,,"442"
"718","2","1544",,,"472"
"719","2","1541",,,"472"
"720","2","1485",,,"458"
"721","2","1403",,,"432"
"722","2","1404",,,"432"
"723","2","1406",,,"432"
"725","2","1542",,,"472"
"726","2","1543",,,"472"
"728","2","1507",,,"466"
"729","2","1510",,,"466"
"730","7","1235",,,"27"
"731","7","1184",,,"9"
"732","2","1332",,,"440"
"733","7","1332",,,"60"
"734","8","1332",,,"955"
"735","7","1387",,,"73"
"736","7","1314",,,"59"
"737","2","1340",,,"450"
"738","7","1340",,,"60"
"739","8","1340",,,"957"
"740","2","1333",,,"442"
"741","7","1333",,,"60"
"742","8","1333",,,"956"
"743","7","1338",,,
"744","8","1338",,,"956"
"745","7","1339",,,"60"
"746","8","1339",,,"956"
"747","7","1275",,,"39"
"748","7","1386",,,"73"
"749","7","1388",,,"73"
"750","7","1389",,,"74"
"751","7","1401",,,"76"
"752","7","1224",,,"25"
"753","7","1223",,,"25"
"754","7","1313",,,"53"
"755","7","1183",,,"8"
"756","7","1394",,,"75"
"757","7","1396",,,
"758","7","1326",,,"57"
"759","7","1225",,,"26"
"760","7","1397",,,"76"
"761","7","1233",,,"27"
"762","7","1234",,,"27"
"763","7","1189",,,"10"
"764","7","1278",,,"40"
"765","7","1279",,,"40"
"766","7","1281",,,"41"
"767","7","1282",,,"40"
"768","7","1283",,,"41"
"769","7","1284",,,"41"
"770","7","1285",,,"41"
"771","7","1280",,,"40"
"772","1","1619",,,"107"
"773","2","1574",,,"494"
"774","7","1229",,,"26"
"775","7","1230",,,"26"
"776","7","1231",,,"27"
"777","7","1232",,,"27"
"778","7","1163",,,"4"
"779","7","1162",,,"4"
"780","7","1164",,,"4"
"781","7","1165",,,"5"
"782","1","1612",,,"97"
"783","1","1613",,,"98"
"784","1","1614",,,"99"
"785","1","1615",,,"101"
"786","1","1616",,,
"787","7","1179",,,"7"
"788","7","1180",,,"7"
"789","7","1181",,,"8"
"790","7","1274",,,"39"
"791","7","1220",,,"24"
"792","7","1348",,,"62"
"793","7","1349",,,"62"
"794","7","1350",,,"62"
"795","7","1312",,,"52"
"796","7","1377",,,"71"
"797","2","1367",,,"493"
"798","7","1367",,,"65"
"799","7","1276",,,"39"
"800","7","1221",,,"24"
"801","7","1222",,,"25"
"802","7","1399",,,"76"
"803","7","1277",,,"40"
"804","2","1218",,,"493"
"806","8","1218",,,"773"
"807","7","1182",,,"8"
"808","7","1161",,,"4"
"809","7","1325",,,"57"
"810","7","1374",,,"68"
"811","7","1385",,,"73"
"812","1","1617",,,
"813","1","1618",,,"105"
"814","7","1188",,,"9"
"815","7","1272",,,"39"
"819","7","1160",,,"4"
"823","7","1177",,,"7"
"824","7","1214",,,"22"
"825","2","1215",,,"495"
"826","7","1215",,,"22,64"
"827","7","1216",,,"23"
"828","7","1217",,,"24"
"829","7","1311",,,"52"
"830","1","1609",,,
"831","7","1176",,,"6"
"832","7","1395",,,"75"
"833","7","1376",,,"70"
"834","7","1175",,,"6"
"835","7","1373",,,"68"
"836","7","1265",,,"37"
"837","7","1266",,,"38"
"838","7","1267",,,"38"
"839","7","1268",,,"37"
"840","7","1269",,,"38"
"841","7","1270",,,"38"
"842","7","1271",,,"38"
"843","1","1608",,,"91"
"844","1","1610",,,"95"
"845","1","1611",,,
"846","7","1209",,,"14"
"847","7","1253",,,"31"
"848","7","1206",,,"14"
"849","7","1207",,,"14"
"850","2","1330",,,"438"
"851","7","1330",,,"60"
"852","8","1330",,,"955"
"853","7","1331",,,"60"
"854","8","1331",,,"958"
"855","7","1256",,,"32"
"856","7","1257",,,"32"
"857","1","1633",,,"131"
"858","1","1634",,,"134"
"859","1","1635",,,
"860","1","1636",,,
"861","1","1637",,,"137"
"862","7","1637",,,"77"
"863","7","1400",,,"76"
"864","7","1252",,,"31"
"867","2","1379",,,"494"
"868","7","1379",,,"71"
"869","8","1379",,,"773"
"870","7","1383",,,"72"
"871","7","1384",,,"72"
"872","7","1378",,,"65,71"
"873","7","1203",,,"13"
"874","7","1204",,,"13"
"875","7","1205",,,"13"
"876","7","1174",,,"6"
"877","7","1248",,,"30"
"878","7","1249",,,"30"
"879","7","1250",,,"30"
"880","7","1251",,,"31"
"881","7","1293",,,"43"
"882","7","1294",,,"43"
"883","7","1247",,,"30"
"884","7","1246",,,"30"
"885","7","1197",,,"12"
"886","7","1292",,,"43"
"887","7","1195",,,"11"
"888","7","1196",,,"12"
"889","7","1238",,,"28"
"890","7","1239",,,"28"
"891","7","1244",,,"29"
"892","7","1327",,,"58"
"893","7","1375",,,"68"
"894","1","1631",,,"127"
"895","1","1632",,,
"896","7","1318",,,"54"
"897","7","1240",,,"28"
"898","7","1241",,,"29"
"899","7","1242",,,"29"
"900","7","1243",,,"29"
"901","7","1286",,,"42"
"902","7","1287",,,"42"
"903","7","1288",,,"42"
"904","7","1289",,,"42"
"905","7","1290",,,"42"
"906","7","1245",,,"29"
"907","1","1620",,,"109"
"908","1","1621",,,"112"
"909","1","1622",,,"114"
"910","1","1623",,,"116"
"911","1","1624",,,
"912","1","1625",,,"120"
"913","1","1626",,,
"914","1","1627",,,
"915","1","1628",,,"121"
"916","1","1629",,,"123"
"917","1","1630",,,"125"
"918","7","1296",,,"44"
"919","7","1211",,,"15"
"920","7","1212",,,"15"
"921","7","1213",,,"15"
"922","7","1264",,庚申の項、道標の項に重複記述,"34,65"
"924","8","1371",,,"773"
"925","2","1368",,,"493"
"926","7","1368",,,"65"
"927","7","1305",,,"45"
"928","7","1321",,,"56"
"929","7","1322",,,"56"
"930","7","1393",,,"75"
"931","7","1320",,,"55"
"932","7","1259",,,"32"
"933","7","1260",,,"33"
"934","7","1261",,,"33"
"935","7","1262",,,"33"
"936","7","1297",,"44",
"937","7","1298",,,"46"
"938","7","1299",,"44",
"939","7","1300",,,"44"
"940","7","1301",,,"45"
"941","7","1302",,,"44"
"942","7","1303",,,"45"
"943","7","1304",,,"45"
"944","7","1390",,,"74"
"945","7","1363",,,"63"
"946","2","1575",,,"494"
"947","2","1263",,,"493"
"948","7","1263",,,"33"
"949","7","1310",,,"47"
"950","7","1306",,,"46"
"951","7","1198",,,"12"
"952","7","1382",,,"72"
"953","7","1254",,,"31"
"954","7","1210",,,"15"
"955","7","1324",,,"57"
"956","7","1358",,,"63"
"957","7","1359",,,"63"
"958","7","1360",,,"63"
"959","7","1361",,,"63"
"960","7","1362",,,"63"
"961","7","1199",,,"12"
"962","7","1200",,,"12"
"963","7","1201",,,"13"
"964","7","1202",,,"13"
"965","7","1255",,,"31"
"966","7","1398",,,"76"
"967","7","1307",,,"46"
"968","7","1308",,,"46"
"969","7","1309",,,"46"
"970","7","1258",,,"32"
"971","7","1335",,,"60"
"972","8","1335",,,"956"
"973","7","1341",,,"60"
"974","8","1341",,,"957"
"975","7","1347",,,"60"
"976","7","1236",,,"28"
"979","7","1328",,,"60"
"980","8","1328",,,"955"
"981","2","1336",,,"448"
"982","7","1336",,,"60"
"983","8","1336",,,"956"
"984","7","1208",,,"14"
"985","2","1371",,,"494"
"986","7","1371",,,"57,66"
"987","2","1329",,,"436"
"988","7","1329",,,"60"
"989","8","1329",,,"955"
"990","2","1337",,,"448"
"991","7","1337",,,"60"
"992","8","1337",,,"957"
"993","7","1343",,,"60"
"994","7","1170",,,"5"
"995","7","1171",,,"6"
"996","7","1172",,,"6"
"997","7","1173",,,"6"
"998","7","1356",,,"63"
"999","7","1357",,,"63"
"1000","7","1190",,,"10"
"1001","7","1191",,,"11"
"1002","7","1192",,,"11"
"1003","7","1193",,,"11"
"1004","7","1194",,,"11"
"1005","7","1316",,,"53"
"1006","7","1237",,,"28"
"1007","7","1317",,,"54"
"1008","7","1166",,,"5"
"1009","7","1167",,,"5"
"1010","7","1168",,,"5"
"1011","7","1169",,,"5"
"1012","7","1351",,,"62"
"1013","7","1352",,,"63"
"1014","7","1353",,,"63"
"1015","7","1354",,,"63"
"1016","7","1355",,,"63"
"1017","7","1185",,,"9"
"1018","7","1186",,,"9"
"1019","7","1187",,,"9"
"1020","7","1227",,,"26"
"1021","7","1228",,,"26"
"1022","7","1315",,,"53"
"1023","7","1391",,,
"1024","7","1392",,,"74"
"1025","7","1334",,,"60"
"1026","8","1334",,,"956"
"1027","7","1342",,,"60"
"1028","8","1342",,,"957"
"1029","7","1345",,,"60"
"1030","7","1346",,,"60"
"1031","7","1226",,,"26"
"1032","7","1380",,,"71"
"1033","7","1381",,,"72"
"1034","7","1344",,,"60"
"1035","7","1291",,,"43"
"1036","7","1295",,,"43"
"1037","7","1273",,,"39"
"1038","7","1319",,,"54"
"1039","2","1372",,,"495"
"1040","7","1372",,,"66"
"1041","2","1490",,,"462"
"1042","2","1478",,,"456"
"1044","2","1450",,,"446"
"1045","2","1534",,,"470"
"1046","2","1565",,,"484"
"1047","4","425",,,
"1048","4","435",,,
"1049","2","481",,,"432"
"1050","4","481",,,
"1051","4","398",,,
"1052","4","399",,,
"1053","4","402",,,
"1054","4","405",,,
"1055","4","406",,,
"1056","4","420",,,
"1057","4","428",,,
"1058","4","430",,,
"1059","4","434",,,
"1060","4","438",,,
"1061","4","457",,,
"1062","4","529",,,
"1063","2","1466",,,
"1064","2","1493",,,
"1065","4","424",,,
"1066","4","440",,,
"1067","4","441",,,
"1068","4","443",,,
"1069","4","459",,,
"1070","4","466",,,
"1071","4","468",,,
"1072","4","470",,,
"1073","4","472",,,
"1074","4","478",,,
"1075","4","480",,,
"1076","4","541",,,
"1077","1","1638",,,
"1078","1","1639",,,
"1079","4","449",,,
"1080","1","1641",,,
"1081","1","1642",,,
"1082","2","485",,,"460"
"1083","4","485",,,
"1084","4","486",,,
"1085","4","412",,,
"1086","1","1666",,,
"1087","5","817",,,
"1088","4","447",,,
"1089","4","415",,,
"1090","4","460",,,
"1091","4","461",,,
"1092","4","462",,,
"1093","4","465",,,
"1094","5","745",,,
"1095","5","772",,,
"1096","5","773",,,
"1097","5","774",,,
"1098","5","775",,,
"1099","5","776",,,
"1100","5","778",,,
"1101","5","781",,,
"1102","5","803",,,
"1103","5","829",,,
"1104","2","876",,,"499"
"1105","5","876",,,
"1106","8","876",,,"775"
"1107","4","390",,,
"1108","4","419",,,
"1109","4","450",,,
"1110","4","539",,,
"1111","4","387",,,
"1112","1","1670",,,
"1113","1","1678",,,"150"
"1114","1","1679",,,"152"
"1115","1","1684",,,"165"
"1116","2","534",,,"496"
"1117","4","534",,,
"1118","8","534",,,"773"
"1119","1","1661",,,
"1120","1","1675",,,
"1121","1","1662",,,
"1122","1","1663",,,
"1123","1","1664",,,
"1124","1","1665",,,
"1125","4","408",,,
"1126","4","540",,,
"1127","1","1673",,,"146"
"1128","1","1674",,,
"1129","4","528",,,
"1130","2","476",,,"496"
"1131","4","476",,,
"1132","8","476",,,"774"
"1133","4","537",,,
"1134","4","403",,,
"1135","4","416",,,
"1136","4","458",,,
"1137","4","401",,,
"1138","4","446",,,
"1139","2","1410",,,
"1140","8","1410",,,"955"
"1141","4","400",,,
"1142","4","453",,,"46"
"1143","4","469",,,
"1144","4","404",,,
"1145","4","426",,,
"1146","4","429",,,
"1147","4","385",,,
"1148","4","389",,,
"1149","4","542",,,
"1150","4","474",,,
"1151","4","392",,,
"1152","4","414",,,
"1153","4","442",,,
"1154","1","1669",,,"143"
"1155","4","432",,,
"1156","4","384",,,
"1157","4","391",,,
"1158","4","395",,,
"1159","4","437",,,
"1160","2","1545",,,
"1161","4","451",,,
"1162","4","488",,,
"1163","2","1576",,,
"1164","1","1655",,,
"1165","1","1656",,,
"1166","1","1657",,,
"1167","1","1658",,,"138"
"1168","1","1659",,,
"1169","1","1681",,,"157"
"1170","1","1682",,,"158"
"1171","1","1683",,,
"1172","4","455",,,
"1173","4","396",,,
"1174","4","436",,,
"1175","4","495",,,
"1176","4","496",,,
"1177","4","497",,,
"1178","4","498",,,
"1179","4","499",,,
"1180","4","500",,,
"1181","4","501",,,
"1182","4","502",,,
"1183","4","503",,,
"1184","4","504",,,
"1185","4","505",,,
"1186","4","506",,,
"1187","4","507",,,
"1188","4","508",,,
"1189","4","509",,,
"1190","4","510",,,
"1191","4","511",,,
"1192","4","512",,,
"1193","4","513",,,
"1194","4","514",,,
"1195","4","515",,,
"1196","4","516",,,
"1197","4","517",,,
"1198","4","518",,,
"1199","4","519",,,
"1200","4","520",,,
"1201","4","521",,,
"1202","4","522",,,
"1203","4","523",,,
"1204","4","524",,,
"1205","4","525",,,
"1206","4","526",,,
"1207","4","527",,,
"1208","4","464",,,
"1209","4","477",,,
"1210","2","1577",,,
"1211","4","444",,,
"1212","1","1660",,,
"1213","1","1667",,,
"1214","1","1668",,,
"1215","1","1680",,,"154"
"1216","1","1651",,,
"1217","1","1652",,,
"1218","2","535",,,"496"
"1219","4","535",,,
"1220","8","535",,,"774"
"1221","2","531",,,"496"
"1222","4","531",,,"65"
"1223","2","407",,,"496"
"1224","4","407",,,
"1225","2","536",,,"497"
"1226","4","536",,,
"1227","2","533",,,"496"
"1228","4","533",,,
"1229","4","445",,,
"1230","4","431",,,
"1231","4","433",,,
"1232","4","439",,,
"1233","4","393",,,
"1234","4","397",,,
"1235","4","411",,,
"1236","4","418",,,
"1237","4","423",,,
"1238","4","452",,,
"1239","4","493",,,
"1240","4","494",,,
"1241","4","543",,,
"1242","4","463",,,
"1243","4","467",,,
"1244","4","471",,,
"1245","4","473",,,
"1246","4","475",,,
"1247","4","479",,,
"1248","4","417",,,
"1249","4","386",,,
"1250","4","456",,,"45"
"1251","4","410",,,
"1252","4","394",,,
"1253","4","409",,,
"1254","4","413",,,
"1255","4","427",,,
"1256","4","448",,,
"1257","1","544",,,
"1258","4","544",,,
"1259","4","545",,,
"1260","1","1653",,,
"1261","1","1654",,,
"1262","4","489",,,
"1263","4","490",,,
"1264","4","491",,,
"1265","4","492",,,
"1266","4","388",,,
"1267","4","454",,,
"1268","4","421",,,
"1269","4","422",,,
"1270","1","1671",,,
"1271","1","1676",,,
"1272","1","1677",,,"148"
"1273","2","1546",,,
"1274","2","1470",,,
"1275","8","1470",,,"957"
"1276","2","1471",,,
"1277","8","1471",,,"957"
"1278","2","1472",,,
"1279","8","1472",,,"957"
"1280","2","1474",,,
"1281","2","1481",,,
"1282","8","1481",,,"957"
"1283","2","1483",,,
"1284","8","1483",,,"958"
"1285","2","682",,,"446"
"1286","2","683",,,"446"
"1287","2","687",,,"464"
"1288","2","1547",,,
"1289","2","1455",,,
"1290","2","1548",,,
"1291","2","1549",,,
"1292","2","1414",,,
"1293","8","1414",,,"955"
"1294","2","1417",,,"436"
"1295","8","1417",,,"955"
"1296","2","1418",,,
"1297","8","1418",,,"955"
"1298","2","1420",,,
"1299","8","1420",,,"955"
"1300","2","1424",,,
"1301","8","1424",,,"956"
"1302","2","1425",,,
"1303","8","1425",,,"956"
"1304","2","1429",,,
"1305","8","1429",,,"956"
"1306","1","1640",,,
"1307","1","1643",,,
"1308","1","1644",,,
"1309","1","1645",,,
"1310","1","1646",,,
"1311","1","1647",,,
"1312","1","1648",,,
"1313","1","1649",,,
"1314","1","1650",,,
"1315","4","630",,,"105"
"1316","4","637",,,"107"
"1317","4","638",,,"107"
"1318","4","647",,,"114"
"1319","4","671",,,"114"
"1320","4","660",,,"116"
"1321","4","672",,,"114"
"1322","4","650",,,"116"
"1323","4","661",,,"116"
"1324","4","658",,,"115"
"1325","4","594",,,"91"
"1326","4","610",,,"94"
"1327","4","620",,,"96"
"1328","4","578",,,"87"
"1329","4","706",,,
"1330","4","614",,,"95"
"1331","4","611",,,"94"
"1332","4","579",,,"88"
"1333","4","600",,,"92"
"1334","4","616",,,"95"
"1335","4","617",,,"95"
"1336","4","606",,,"93"
"1337","4","641",,,"108"
"1338","4","607",,,"93"
"1339","4","618",,,"96"
"1340","4","556",,,"80"
"1341","4","597",,,"91"
"1342","4","609",,,"94"
"1343","4","686",,,"123"
"1344","4","684",,,"123"
"1345","4","587",,,"89"
"1346","4","590",,,"90"
"1347","4","596",,,"91"
"1348","4","586",,,"89"
"1349","4","711",,,
"1350","4","562",,,"81"
"1351","4","563",,,"81"
"1352","4","557",,,"80"
"1353","4","627",,,"104"
"1354","4","645",,,"109"
"1355","4","663",,,"117"
"1356","2","580",,,"498"
"1357","4","580",,,"87,128"
"1358","8","580",,,"774"
"1359","4","613",,,"94"
"1360","4","549",,,"75"
"1361","4","552",,,"76"
"1362","4","555",,,"79"
"1363","4","558",,,"80"
"1364","4","565",,,"81"
"1365","4","670",,,"113"
"1366","4","644",,,"108"
"1367","4","665",,,"113"
"1368","4","707",,,
"1369","4","713",,,
"1370","4","646",,,"112"
"1371","4","655",,,"112"
"1372","4","570",,,"86"
"1373","4","574",,,"86"
"1374","4","576",,,"87"
"1375","4","585",,,"88"
"1376","4","588",,,"89"
"1377","4","593",,,"90"
"1378","4","599",,,"92"
"1379","4","612",,,"95"
"1380","1","1701",,,
"1381","1","1702",,,
"1382","1","1703",,,
"1383","1","1704",,,"171"
"1384","1","1705",,,
"1385","1","1706",,,
"1386","4","591",,,"90"
"1387","4","604",,,"93"
"1388","4","598",,,"92"
"1389","4","603",,,"93"
"1390","4","567",,,"85"
"1391","2","685",,,"460"
"1392","4","685",,,"123"
"1393","4","589",,,"90"
"1394","4","715",,,
"1395","4","595",,,"91"
"1396","4","547",,,"75"
"1397","4","551",,,"76"
"1398","4","554",,,"79"
"1399","4","634",,,"106"
"1400","4","696",,,"126"
"1401","4","697",,,"126"
"1402","4","569",,,"86"
"1403","4","572",,,"86"
"1404","2","582",,,"498"
"1405","4","582",,,"88,128"
"1406","8","582",,,"774"
"1407","4","584",,,"88"
"1408","4","626",,,"96"
"1409","4","628",,,"104"
"1410","4","651",,,"115"
"1411","2","704",,,"498"
"1412","4","704",,,"129"
"1413","4","708",,,
"1414","4","712",,,
"1415","1","1688",,,
"1416","1","1689",,,
"1417","1","1690",,,
"1418","4","656",,,"115"
"1419","4","632",,,"104"
"1420","4","575",,,"87"
"1421","2","703",,,"498"
"1422","4","703",,,"129"
"1423","1","1691",,,
"1424","1","1692",,,
"1425","1","1693",,,
"1426","1","1694",,,
"1427","1","1695",,,
"1428","1","1696",,,
"1429","1","1697",,,
"1430","1","1698",,,
"1431","1","1699",,,
"1432","1","1700",,,
"1433","4","636",,,"107"
"1434","4","640",,,"107"
"1435","4","642",,,"108"
"1436","4","643",,,"108"
"1437","4","721",,,
"1438","4","676",,,"121"
"1439","4","635",,,"106"
"1440","4","723",,,
"1441","4","602",,,"97"
"1442","4","623",,,"100"
"1443","4","622",,,"99"
"1444","8","1580",,,
"1445","2","681",,,"446"
"1446","4","681",,,"123"
"1447","8","681",,,"956"
"1448","4","682",,,"123"
"1449","8","682",,,"957"
"1450","4","683",,,
"1451","8","683",,,"957"
"1452","4","687",,,"123"
"1453","8","687",,,"955"
"1454","4","605",,,"98"
"1455","4","615",,,"99"
"1456","4","625",,,"100"
"1457","4","619",,,"97"
"1458","4","725",,,
"1459","4","553",,,"81"
"1460","4","654",,,"118"
"1461","4","669",,,"118"
"1462","4","662",,,"117"
"1463","4","666",,,"117"
"1464","4","674",,,"118"
"1465","4","657",,,"118"
"1466","4","546",,,"75"
"1467","4","548",,,"75"
"1468","4","698",,,"127"
"1469","4","699",,,"127"
"1470","4","639",,,"108"
"1471","4","719",,,
"1472","1","1713",,,
"1473","1","1714",,,
"1474","4","568",,,"97"
"1475","4","573",,,"97"
"1476","4","714",,,
"1477","4","566",,,"96"
"1478","4","561",,,"82"
"1479","4","631",,,"105"
"1480","4","705",,,"129"
"1481","4","624",,,"100"
"1482","4","608",,,"99"
"1483","4","581",,,"98"
"1484","4","621",,,"99"
"1485","4","601",,,"98"
"1486","1","1707",,,
"1487","1","1708",,,
"1488","1","1709",,,
"1489","1","1710",,,
"1490","1","1711",,,
"1491","1","1712",,,
"1492","1","1715",,,"174"
"1493","1","1716",,,"180"
"1494","1","1717",,,
"1495","4","724",,,
"1496","4","648",,,"120"
"1497","4","659",,,"120"
"1498","4","664",,,"119"
"1499","4","675",,,"120"
"1500","4","720",,,
"1501","4","722",,,
"1502","4","652",,,"111"
"1503","4","678",,,"123"
"1504","8","678",,,"955"
"1505","2","679",,,"440"
"1506","4","679",,,"123"
"1507","4","649",,,"112"
"1508","4","688",,,"124"
"1509","4","689",,,"124"
"1510","2","577",,,"498"
"1512","8","577",,,"776"
"1513","4","577",,,"84,128"
"1515","4","668",,,"111"
"1516","4","677",,,"111"
"1517","4","710",,,"130"
"1518","4","717",,,"131"
"1519","4","653",,,"112"
"1520","4","550",,,"76"
"1521","4","559",,,"78"
"1522","4","560",,,"78"
"1523","4","564",,,"78"
"1524","4","633",,,"106"
"1525","4","690",,,"124"
"1526","4","693",,,"125"
"1527","4","694",,,"125"
"1528","4","695",,,"125"
"1529","4","571",,,"84"
"1530","4","583",,,"84"
"1531","4","592",,,"85"
"1532","4","629",,,"104"
"1533","4","667",,,"122"
"1534","4","673",,,"111"
"1535","4","691",,,"124"
"1536","4","692",,,"124"
"1537","4","709",,,"131"
"1538","4","716",,,"131"
"1539","4","718",,,"130"
"1540","1","1685",,,"167"
"1541","1","1686",,,
"1542","1","1687",,,
"1543","2","1511",,,"466"
"1544","2","678",,,"432"
"1545","2","1426",,,
"1546","8","1426",,,"956"
"1547","2","1436",,,
"1548","8","1436",,,"956"
"1549","2","1439",,,
"1550","8","1439",,,"956"
"1551","2","1442",,,
"1552","8","1442",,,"956"
"1553","2","1443",,,
"1554","8","1443",,,"956"
"1555","2","1452",,,
"1556","8","1452",,,"957"
"1557","2","1459",,,
"1558","8","1459",,,"957"
"1559","2","686",,,"473"
"1560","2","1407",,,"432"
"1561","8","1407",,,"955"
"1562","2","1430",,,
"1563","8","1430",,,"956"
"1564","2","1447",,,
"1565","2","1476",,,
"1566","8","1476",,,"957"
"1567","2","1477",,,
"1568","8","1477",,,"957"
"1569","2","1412",,,
"1570","8","1412",,,"955"
"1571","2","1416",,,
"1572","8","1416",,,"955"
"1573","2","1419",,,"436"
"1574","8","1419",,,"955"
"1575","2","1434",,,
"1576","8","1434",,,"956"
"1577","2","1551",,,
"1578","2","1552",,,
"1579","5","931",,,
"1580","5","973",,,
"1581","5","924",,,
"1582","5","925",,,
"1583","5","926",,,
"1584","5","927",,,
"1585","5","929",,,
"1586","5","939",,,
"1587","5","944",,,
"1588","5","954",,,
"1589","5","978",,,
"1590","5","986",,,
"1591","5","992",,,
"1592","5","1023",,,
"1593","2","1017",,,"501"
"1594","5","1017",,,
"1595","8","1017",,,"776"
"1596","5","791",,,
"1597","5","891",,,
"1598","5","893",,,
"1599","5","740",,,
"1600","5","744",,,
"1601","5","881",,,
"1602","5","822",,,
"1603","5","733",,,"33"
"1604","5","784",,,
"1605","5","797",,,
"1606","5","828",,,
"1607","5","885",,,
"1608","5","886",,,
"1609","5","754",,,
"1610","5","783",,,
"1611","5","816",,,
"1612","5","777",,,
"1613","5","793",,,
"1614","5","767",,,
"1615","5","769",,,
"1616","5","785",,,
"1617","5","758",,,
"1618","5","897",,,
"1619","5","806",,,
"1620","2","873",,,"499"
"1621","5","873",,,
"1622","8","873",,,"776"
"1623","2","834",,,"444"
"1624","5","834",,,
"1625","8","834",,,"956"
"1626","2","836",,,"450"
"1627","5","836",,,
"1628","2","838",,,"456"
"1629","5","838",,,
"1630","2","840",,,"462"
"1631","5","840",,,
"1632","5","857",,,
"1633","5","858",,,
"1634","5","859",,,
"1635","5","860",,,
"1636","5","861",,,
"1637","5","727",,,"31"
"1638","5","730",,,"32"
"1639","5","780",,,
"1640","5","729",,,"32"
"1641","5","747",,,
"1642","5","753",,,"41"
"1643","5","762",,,
"1644","5","790",,,
"1645","1","1719",,,
"1646","1","1720",,,
"1647","1","1721",,,
"1648","5","888",,,
"1649","5","731",,,"33"
"1650","5","736",,,
"1651","5","746",,,
"1652","5","786",,,
"1653","5","794",,,
"1654","5","728",,,"32"
"1655","2","872",,,"499"
"1656","5","872",,,
"1657","8","872",,,"775"
"1658","2","878",,,"499"
"1659","5","878",,,
"1660","1","1722",,,
"1661","1","1723",,,
"1662","1","1724",,,"182"
"1663","5","819",,,
"1664","5","830",,,
"1665","5","789",,,
"1666","5","889",,,
"1667","5","738",,,
"1668","5","818",,,
"1669","5","807",,,
"1670","5","808",,,
"1671","5","880",,,
"1672","1","1726",,,
"1673","1","1727",,,
"1674","1","1728",,,"184"
"1675","1","1729",,,
"1676","2","839",,,"458"
"1677","5","839",,,
"1678","5","843",,,
"1679","5","844",,,
"1680","5","845",,,
"1681","5","856",,,
"1682","5","895",,,
"1683","5","799",,,
"1684","2","835",,,"446"
"1685","5","835",,,
"1686","5","810",,,
"1687","5","883",,,
"1688","5","841",,,
"1689","5","842",,,
"1690","5","847",,,
"1691","5","848",,,
"1692","5","849",,,
"1693","5","850",,,
"1694","5","851",,,
"1695","5","852",,,
"1696","5","853",,,
"1697","5","854",,,
"1698","5","855",,,
"1699","2","1494",,,
"1700","8","1494",,,"958"
"1701","2","1556",,,
"1702","2","1562",,,
"1703","5","743",,,
"1704","5","749",,,
"1705","5","755",,,
"1706","5","759",,,
"1707","5","763",,,
"1708","5","764",,,
"1709","5","768",,,
"1710","5","770",,,
"1711","5","771",,,
"1712","5","779",,,
"1713","5","796",,,
"1714","5","805",,,
"1715","1","1725",,,
"1716","1","1730",,,
"1717","1","1731",,,
"1718","2","1432",,,
"1719","2","1431",,,
"1720","2","1557",,,
"1721","2","1558",,,
"1722","2","1461",,,
"1723","8","1461",,,"957"
"1724","2","1482",,,
"1725","8","1482",,,"958"
"1726","2","1503",,,
"1727","2","1553",,,
"1728","2","1554",,,
"1729","2","1413",,,
"1730","2","1428",,,
"1731","2","1555",,,
"1732","2","1497",,,
"1733","2","1560",,,
"1734","2","1561",,,
"1735","2","1469",,,
"1736","8","1469",,,"957"
"1737","2","1423",,,
"1738","8","1423",,,"955"
"1739","2","1559",,,
"1740","2","1492",,,
"1741","2","1506",,,
"1742","8","1506",,,"958"
"1743","2","1509",,,
"1744","1","1739",,,
"1745","2","869",,,"499"
"1746","5","869",,,
"1747","5","824",,,
"1748","5","826",,,
"1749","5","846",,,
"1750","5","782",,,
"1751","1","1742",,,"191"
"1752","1","1743",,,
"1753","5","802",,,
"1754","1","1744",,,
"1755","1","1745",,,
"1756","1","1746",,,
"1757","1","1747",,,
"1758","1","1748",,,
"1759","1","1749",,,
"1760","1","1750",,,
"1761","1","1751",,,
"1762","5","756",,,
"1763","2","482",,,"442"
"1764","4","482",,,
"1765","5","761",,,
"1766","5","787",,,
"1767","5","800",,,
"1768","5","814",,,
"1769","5","823",,,
"1770","5","868",,,
"1771","5","884",,,
"1772","5","890",,,
"1773","5","751",,,
"1774","5","809",,,
"1775","5","811",,,
"1776","5","812",,,
"1777","5","892",,,
"1778","5","801",,,
"1779","5","742",,,
"1780","5","827",,,
"1781","2","831",,,"432"
"1782","5","831",,,
"1783","5","821",,,
"1784","2","874",,,"499"
"1785","5","874",,,
"1786","1","1740",,,
"1787","1","1741",,,
"1788","1","1754",,,
"1789","2","1578",,,
"1790","5","732",,,"33"
"1791","5","760",,,
"1792","5","896",,,
"1793","1","1736",,,"189"
"1794","1","1737",,,
"1795","1","1738",,,
"1796","5","879",,,
"1797","5","882",,,
"1798","2","837",,,
"1799","5","837",,,"452"
"1800","2","870",,,"499"
"1801","5","870",,,
"1802","8","870",,,"775"
"1803","2","832",,,"438"
"1804","5","832",,,
"1805","2","833",,,"440"
"1806","5","833",,,
"1807","8","833",,,"956"
"1808","5","866",,,
"1809","5","748",,,"36"
"1810","5","792",,,
"1811","5","752",,,"35"
"1812","5","867",,,
"1813","5","788",,,
"1814","5","813",,,
"1815","5","739",,,"39"
"1816","5","741",,,"38"
"1817","2","875",,,"499"
"1818","5","875",,,
"1819","8","875",,,"775"
"1820","2","877",,,"499"
"1821","5","877",,,
"1822","8","877",,,"775"
"1823","2","871",,,"499"
"1824","5","871",,,
"1825","8","871",,,"775"
"1826","5","735",,,"41"
"1827","5","887",,,
"1828","5","750",,,"35"
"1829","5","862",,,
"1830","5","863",,,
"1831","5","864",,,
"1832","5","865",,,
"1833","5","894",,,
"1834","5","795",,,
"1835","5","726",,,"31"
"1836","5","798",,,
"1837","5","815",,,
"1838","5","737",,,"39"
"1839","5","734",,,"41"
"1840","5","757",,,
"1841","5","804",,,
"1842","5","765",,,
"1843","8","765",,,"775"
"1844","5","766",,,
"1845","8","766",,,"775"
"1846","5","820",,,
"1847","1","1732",,,"186"
"1848","1","1733",,,
"1849","1","1734",,,
"1850","1","1735",,,
"1851","5","1027",,,
"1852","5","952",,,
"1853","1","1761",,,
"1854","1","1762",,,
"1855","1","1763",,,
"1856","1","1764",,,
"1857","1","1765",,,
"1858","5","898",,,
"1859","5","935",,,
"1860","5","941",,,
"1861","5","943",,,
"1862","5","993",,,
"1863","2","1010",,,
"1864","5","1010",,,"462"
"1865","2","1009",,,"434"
"1866","5","1009",,,
"1867","8","1009",,,"955"
"1868","5","1015",,,
"1869","5","1016",,,
"1870","2","1563",,,
"1871","5","987",,,
"1872","5","945",,,
"1873","5","962",,,
"1874","5","965",,,
"1875","5","995",,,
"1876","5","997",,,
"1877","1","1758",,,
"1878","1","1759",,,
"1879","5","1000",,,
"1880","8","1583",,,
"1881","2","1013",,,"454"
"1882","5","1013",,,
"1883","8","1013",,,"958"
"1884","2","1014",,,"458"
"1885","5","1014",,,
"1886","8","1014",,,"958"
"1887","5","908",,,
"1888","5","901",,,
"1889","1","1760",,,
"1890","1","1796",,,
"1891","1","1797",,,
"1892","1","1798",,,
"1893","1","1799",,,
"1894","1","1790",,,"226"
"1895","1","1786",,,"219"
"1896","1","1791",,,
"1897","5","899",,,
"1898","5","1025",,,
"1899","5","911",,,
"1900","5","919",,,
"1901","5","913",,,
"1902","5","915",,,
"1903","5","918",,,
"1904","5","920",,,
"1905","5","921",,,
"1906","5","922",,,
"1907","5","923",,,
"1908","5","1028",,,
"1909","5","902",,,
"1910","5","914",,,
"1911","5","977",,,
"1912","5","984",,,
"1913","5","1036",,,
"1914","1","1783",,,
"1915","1","1784",,,
"1916","1","1785",,,
"1917","5","999",,,
"1918","5","961",,,
"1919","5","1032",,,
"1920","5","909",,,
"1921","5","974",,,
"1922","5","930",,,
"1923","5","933",,,
"1924","5","936",,,
"1925","5","938",,,
"1926","5","942",,,
"1927","5","946",,,
"1928","5","948",,,
"1929","5","949",,,
"1930","5","950",,,
"1931","5","953",,,
"1932","5","956",,,
"1933","5","957",,,
"1934","5","959",,,
"1935","5","960",,,
"1936","5","967",,,
"1937","5","968",,,
"1938","5","969",,,
"1939","5","971",,,
"1940","5","972",,,
"1941","1","1787",,,"222"
"1942","1","1788",,,"223"
"1943","1","1789",,,
"1944","5","1031",,,
"1945","5","1033",,,
"1946","5","1035",,,
"1947","5","1038",,,
"1948","5","990",,,
"1949","5","905",,,
"1950","5","907",,,
"1951","5","976",,,
"1952","5","979",,,
"1953","5","982",,,
"1954","5","983",,,
"1955","5","1040",,,
"1956","1","1767",,,
"1957","1","1768",,,
"1958","1","1769",,,"208"
"1959","1","1770",,,
"1960","1","1771",,,
"1961","1","1772",,,
"1962","1","1773",,,
"1963","1","1774",,,
"1964","1","1775",,,
"1965","1","1776",,,
"1966","5","985",,,
"1967","5","904",,,
"1968","5","989",,,
"1969","5","900",,,
"1970","2","1020",,,"501"
"1971","5","1020",,,
"1972","5","1026",,,
"1973","5","1030",,,
"1974","5","1037",,,
"1975","5","928",,,
"1976","5","932",,,
"1977","5","937",,,
"1978","5","947",,,
"1979","5","951",,,
"1980","5","955",,,
"1981","5","958",,,
"1982","5","963",,,
"1983","5","964",,,
"1984","5","966",,,
"1985","5","1024",,,
"1986","5","991",,,
"1987","1","1780",,,"217"
"1988","1","1781",,,
"1989","1","1782",,,
"1990","5","1021",,,
"1991","5","1022",,,
"1992","2","1018",,,"501"
"1993","5","1018",,,
"1994","1","1766",,,"204"
"1995","1","1777",,,"211"
"1996","1","1778",,,
"1997","1","1779",,,"214"
"1998","5","934",,,
"1999","5","940",,,
"2000","5","970",,,
"2001","2","1019",,,"501"
"2002","5","1019",,,
"2003","5","917",,,
"2004","5","981",,,"149"
"2005","5","910",,,
"2006","5","994",,,
"2007","5","996",,,
"2008","5","998",,,
"2009","5","1001",,,
"2010","5","1002",,,
"2011","5","1003",,,
"2012","5","1004",,,
"2013","5","1005",,,
"2014","5","1006",,,
"2015","5","1007",,,
"2016","5","1008",,,
"2017","2","1012",,,"442"
"2018","5","1012",,,
"2019","5","906",,,
"2020","5","912",,,
"2021","5","916",,,
"2022","5","975",,,
"2023","5","980",,,
"2024","5","1034",,,
"2025","5","1029",,,
"2026","5","903",,,
"2027","5","988",,,
"2028","1","1792",,,
"2029","1","1793",,,
"2030","1","1794",,,
"2031","1","1795",,,"229"
"2032","2","1502",,,
"2033","2","1487",,,
"2034","5","1039",,,
"2035","2","1564",,,
"2036","1","1718",,,
"2037","1","1755",,,"196"
"2038","1","1756",,,"199"
"2039","1","1757",,,"202"
"2040","7","1218",,庚申の項、道標の項に重複記述,"24,64"
"2042","2","1264",,,"495"
"2043","7","1810",,,"16"
"2044","2","1334",,,"442"
"2045","2","1335",,,"446"
"2046","2","1338",,,"448"
"2047","2","1339",,,"448"
"2048","2","1342",,,"452"
"2049","2","1331",,,"460"
"2050","2","1343",,,"458"
"2051","2","1328",,,"434"
"2052","2","1344",,,"466"
"2053","2","1345",,,"472"
"2054","2","1346",,,"472"
"2055","2","1347",,,"472"
"2056","8","1215",,,"773"
"2057","2","1378",,,"493"
"2058","4","1825",,,"76"
"2059","4","1828",,,"115"
"2060","5","1829",,,"37"
"2061","5","1830",,,"37"
"2062","5","1831",,,"37"
"2063","5","1832",,,"38"
"2064","5","1833",,,"38"
